DoubletFinder,0.7866242,#B1A8B9
scDblFinder,0.8203125,#2C7FA2
SoCube,0.8496503,#785F8E
